date,team1,team2,location,group,ko_round,team1_score,team2_score,shootout_winner,lambda_1,lambda_2,win,draw,loss,win_ko,loss_ko
2024-06-20,Argentina,Canada,United States,A,NA,2,0,NA,2.009479249730118,0.7779871361148357,0.6618317985997753,0.20268379583891685,0.13547572761161306,0.7915161861009968,0.2084751359157968
2024-06-21,Peru,Chile,United States,A,NA,0,0,NA,1.054158584310661,0.9987036270840952,0.3626020892601629,0.30352670109538815,0.3338711826419343,0.5164642015640835,0.48353577143331516
2024-06-22,Ecuador,Venezuela,United States,B,NA,1,2,NA,1.2137674504938705,0.8638662016127318,0.442058284069246,0.29523309337864145,0.26270855059849285,0.6025057631617737,0.39749416488435724
2024-06-22,Mexico,Jamaica,United States,B,NA,1,0,NA,1.6809550229695087,0.7302630519311276,0.6018134946490648,0.23859776249548983,0.15958710326147665,0.7480641253149644,0.25193423508494767
2024-06-23,United States,Bolivia,United States,C,NA,2,0,NA,2.533395053248889,0.6627966507137855,0.7795539674453672,0.14445068174165446,0.07592614866069125,0.8808052381239065,0.11912555946335922
2024-06-23,Uruguay,Panama,United States,C,NA,3,1,NA,2.091389453173713,0.6774136590342297,0.7029272650728583,0.1885195574806153,0.10854067117624992,0.8274090468731998,0.1725784468093433
2024-06-24,Colombia,Paraguay,United States,D,NA,2,1,NA,1.2884233082408392,0.508403773013902,0.5599557600824085,0.2935824315994765,0.1464616827652166,0.7360624423406059,0.2639374321060407
2024-06-24,Brazil,Costa Rica,United States,D,NA,0,0,NA,2.562382794715271,0.4511345789523589,0.8293249568134513,0.12457503852182283,0.04602359442528817,0.920186561564838,0.07973702794340053
2024-06-25,Peru,Canada,United States,A,NA,0,1,NA,1.0981153516798223,1.264102346258796,0.320507485135391,0.27801445076641396,0.4014779342932645,0.453964976857816,0.5460348933368226
2024-06-25,Chile,Argentina,United States,A,NA,0,1,NA,0.5585023019301397,1.828315201313712,0.10622707690867884,0.2126454311606173,0.6811238766053164,0.18054910366823881,0.8194472809932336
2024-06-26,Ecuador,Jamaica,United States,B,NA,3,1,NA,1.753894773548082,0.738224441629761,0.6168042575909227,0.2299446071411032,0.15324868649242246,0.7592514571949056,0.2407460940203398
2024-06-26,Venezuela,Mexico,United States,B,NA,1,0,NA,0.8913023452364124,1.1416780283184609,0.2839804749130832,0.30217524395189355,0.4138442400697249,0.42561647470207875,0.5743834842324843
2024-06-27,Panama,United States,United States,C,NA,2,1,NA,0.6534976652516217,2.1642335915052127,0.0985146055187112,0.17924422507619392,0.7222241031653933,0.1576545302036834,0.8423284034926726
2024-06-27,Uruguay,Bolivia,United States,C,NA,5,0,NA,2.4974775331235746,0.6737053500030862,0.7719017615900011,0.14841339079102386,0.07962376263826973,0.8752905220579338,0.1246483927301556
2024-06-28,Colombia,Costa Rica,United States,D,NA,3,0,NA,1.697349303797272,0.5513992328354451,0.654100260246757,0.2299586298245231,0.11593931291001024,0.8008737613438397,0.19912444163092208
2024-06-28,Paraguay,Brazil,United States,D,NA,1,4,NA,0.41525887586728527,1.8643980262782005,0.07416920042559332,0.19825299405118613,0.7275734670836885,0.13896024397438655,0.8610354175710585
2024-06-29,Argentina,Peru,United States,A,NA,2,0,NA,1.6830893484626297,0.5275291493984975,0.6574577722111402,0.23083429496652016,0.11170627378938552,0.8051936856444066,0.19480465531664068
2024-06-29,Canada,Chile,United States,A,NA,0,0,NA,1.3100166205425472,1.0639876067277234,0.4219143389477127,0.27575485628205854,0.3023306382162299,0.5679379229377535,0.43206191050768206
2024-06-30,Jamaica,Venezuela,United States,B,NA,0,3,NA,0.7961897602594995,1.4496554700155244,0.2060735783845936,0.2681073400011912,0.52581868390391,0.3188395031861136,0.681160099102131
2024-06-30,Mexico,Ecuador,United States,B,NA,0,0,NA,1.058559990399357,1.0783600360881271,0.34674404338065773,0.2964221461342096,0.35683377121649007,0.494230525017222,0.5057694357140095
2024-07-01,Bolivia,Panama,United States,C,NA,1,3,NA,1.3791938235170234,1.632762108417206,0.32429568115231117,0.24035820176247016,0.43534462917571987,0.4376432444895047,0.5623552675956881
2024-07-01,United States,Uruguay,United States,C,NA,0,1,NA,1.0571797265850058,0.9995918747139372,0.3633228803433246,0.3031663225585942,0.3335107695082105,0.5170819207822192,0.48291805162782153
2024-07-02,Brazil,Colombia,United States,D,NA,1,1,NA,1.2591666271975994,0.7568633249255907,0.4826358159425244,0.2937500038769652,0.2236140794544783,0.6479542233357393,0.35204567593787023
2024-07-02,Costa Rica,Paraguay,United States,D,NA,2,1,NA,0.887506923355824,1.0404867310195287,0.30231771475168034,0.31412186772768624,0.38356039953991566,0.45329713975861075,0.5467028422606124
2024-07-04,Argentina,Ecuador,United States,NA,QF,NA,NA,NA,1.5550040041353184,0.6517150204730379,0.5919969927692311,0.2532499607887861,0.1547522662615361,0.7464608337985306,0.2535383860181576
2024-07-05,Canada,Venezuela,United States,NA,QF,NA,NA,NA,1.226833196609887,1.139254270253706,0.382053524312659,0.2786231378967612,0.33932322318512725,0.5242988343916978,0.47570105100247617
2024-07-06,Uruguay,Brazil,United States,NA,QF,NA,NA,NA,0.843390011062574,1.300847615760021,0.2419786327193565,0.2855537388532013,0.47246748869212934,0.3686680688219526,0.6313317914422396
2024-07-06,Panama,Colombia,United States,NA,QF,NA,NA,NA,0.6572025943324404,1.9790230893129974,0.11392500281868324,0.19984169780945202,0.686225759289494,0.18341560196284604,0.8165768579265922
2024-07-09,NA,NA,United States,NA,SF,NA,NA,NA,NA,NA,NA,NA,NA,NA,NA
2024-07-10,NA,NA,United States,NA,SF,NA,NA,NA,NA,NA,NA,NA,NA,NA,NA
2024-07-14,NA,NA,United States,NA,FINAL,NA,NA,NA,NA,NA,NA,NA,NA,NA,NA
